,img,explanation
0,74386.png,"this meme is offensive because it promotes harmful stereotypes about muslims, suggesting that they are violent and willing to use violence to achieve political goals."
1,69357.png,this meme is considered offensive because it promotes pedophilia.
2,20619.png,this meme is considered offensive because it promotes violence against transgender women.
3,83456.png,this meme is offensive because it makes fun of holocaust victims
4,24631.png,this meme is considered offensive because it insults an woman's appearance.
5,03258.png,this meme is offensive because it mocks refugees about their helplessness
6,15480.png,"this meme is offensive because it promotes a harmful stereotype about muslims, suggesting that they are violent and irrational."
7,06873.png,this meme is offensive because it suggests that muslims engage in zoophilia
8,08523.png,this meme is offensive because it propagtes stereotypes about illegal immigrants that they are rapists and murderers
9,35219.png,this meme is offensive because it promotes hatred and prejudice against peoples with dark skin color
10,25180.png,this meme is considered offensive because it promotes racism and violence against black people.
11,38625.png,this meme is considered offensive because it promotes violence and hatred towards jewish people.
12,92874.png,this meme is offensive because it promotes hatred and prejudice against muslims.
13,93521.png,"this meme is offensive because it promotes a harmful stereotype about christians, suggesting that they are bad drivers."
14,08593.png,this meme is offensive because it mocks animal loving
15,81259.png,this meme is considered offensive because it promotes violence against gays
16,95426.png,this meme is offensive because it promotes violence against jews
17,04175.png,this meme is offensive because it suggests that only black people can commit crime
18,61780.png,this meme is offensive because it proagates a stereotype that african americans live in the inner city
19,06832.png,this meme is offensive because it mocks muslims
20,40153.png,this meme is considered offensive because it promotes islamophobia and stereotypes that muslims as violent and intolerant.
21,68379.png,this meme is offensive because it suggests that muslims are responsible for killing canadians.
22,67415.png,this meme is considered offensive because it mocks transgender people.
23,38704.png,this meme is considered offensive because it uses a racial slur to refer to black people.
24,75428.png,this meme is considered offensive because it suggests that black peoples are violent
25,37641.png,"this meme is offensive because it promotes a harmful stereotype about muslims, suggesting that they are dangerous and willing to harm others."
26,67159.png,this meme is offensive because it suggests that christianity is the cause of white people being stupid
27,62435.png,this meme is considered offensive because it promotes racism by mocking black peoples
28,85923.png,this meme is considered offensive because it promotes negative stereotypes about men.
29,64853.png,this meme is considered offensive because it promotes racism.
30,75928.png,this meme is considered offensive because it makes light of racism.
31,59376.png,this meme is offensive because it insults the representative
32,67984.png,this meme is offensive because it mocks women
33,96840.png,this meme is offensive because it promotes rape culture and victim blaming.
34,91423.png,this meme is offensive because it promotes negative stereotypes about black people.
35,89102.png,this meme is offensive because it mocks sufferings of slavery.
36,20617.png,this meme is considered offensive because it mocks transgenders
37,97623.png,"this meme is offensive because it makes light of the holocaust, one of the most horrific events in human history."
38,75203.png,this meme is considered offensive because it makes light of slavery
39,38624.png,this meme is offensive because it suggests that people who are protesting are not residents
40,69342.png,this meme is considered offensive because it promotes negative stereotypes about mexican immigrants.
41,18650.png,this meme is considered offensive because it mocks transgender people
42,30847.png,this meme is considered offensive because it is promoting inappropriate social behaviour
43,37182.png,this meme is considered offensive because it promotes racism
44,75138.png,the suggestion that a baby born in the auschwitz concentration camp would resemble this boy with a teddy bear is offensive because it trivializes the horrors of the holocaust.
45,06893.png,this meme is offensive because it suggests promotes rape culture and fetus killing with sarcastic connotations.
46,45730.png,this meme is considered offensive because it makes light of and mocks the serious topic of transgender rights.
47,62913.png,"this meme is not necessarily considered offensive on its own, but it could be seen as promoting a stereotype about people who are black if it is interpreted in a certain way."
48,13958.png,this meme is considered offensive because it promotes suicide and could be interpreted as a joke about suicide.
49,08164.png,"this meme is offensive because it suggests that woman who were hijab are unintelligent, thus showing hatred towards muslim women."
50,51407.png,this meme is considered offensive because it uses racial slurs and stereotypes showing hatred towards black people.
51,59731.png,this meme is considered offensive because it promotes hate and violence towards people who are japanese.
52,53607.png,"this meme is offensive because it promotes a harmful stereotype about muslims, suggesting that they are sexual predators who only care about sex."
53,90183.png,"this meme is offensive because it suggests that president trump's presence in the white house causes a bad smell, which is not accurate."
54,28670.png,"this meme is offensive because it suggests that all arabs are misogynistic, which is not true."
55,30742.png,this meme is considered offensive because it promotes negative stereotypes about people who are midgets (a small person).
56,59046.png,this meme is offensive because it promotes ignorance and disrespect towards people who perform jobs related to the construction industry.
57,19705.png,"this meme is not necessarily considered offensive on its own, but it could be seen as promoting necrophilia."
58,98145.png,"this meme is offensive because it promotes harmful stereotypes about palestinians, suggesting that they are violent and cruel."
59,35602.png,this meme is considered offensive because it promotes islamophobia and stereotypes all muslims as terrorists.
60,53194.png,this meme is offensive because it promotes racism and implies black people cannot raise a kid.
61,05917.png,"this meme is offensive because it mocks stephen hawking and his disease, which is offensive."
62,39640.png,this meme is considered offensive because it makes light of sexual assault and victim blaming.
63,98241.png,this meme is considered offensive because it promotes hate and violence towards people who are muslim.
64,40627.png,this meme is considered offensive because it mocks women who wear hijab and of muslim origins.
65,67983.png,"this meme is offensive because it makes light of the holocaust, one of the most horrific events in human history."
66,63805.png,this meme is offensive because it mocks amputated people calling them unarmed in a sarcastic manner.
67,67183.png,this meme is considered offensive because it promotes negative stereotypes about people who are latino.
68,06547.png,"this meme is offensive because it defames and mocks anne frank, one of the victims of holocaust."
69,76581.png,"this meme is offensive because it promotes harmful stereotypes about asians, suggesting that they are all the same and interchangeable."
70,02917.png,this meme is offensive because it suggests all muslims are terrorists justifies islamophobia.
71,19543.png,this meme is considered offensive because it promotes anti-semitism.
72,39475.png,this meme is considered offensive because it makes light of a serious subject of atomic bomb and related explosion.
73,86045.png,this meme is offensive because it promotes negative stereotypes about africans and suggests that they are unintelligent and unable to care for themselves.
74,24860.png,"this meme is offensive because it promotes harmful stereotypes about gay men, suggesting that they are promiscuous, unfaithful, and unable to control their sexual desires."
75,95376.png,"this meme is considered offensive because it promotes justifies violence, specifically bombing."
76,27461.png,"this meme is offensive because it promotes harmful stereotypes about muslims, suggesting that they are violent, dangerous, and associated with terrorism and same as nazis."
77,20195.png,"this meme is offensive because it mocks black people with vitiligo, a disease where the skin turns white."
78,05148.png,this meme is offensive because it promotes racism against japanese people.
79,47569.png,"this meme is considered offensive because it makes light of the holocaust, in which millions of jews and other minorities were systematically murdered."
80,56128.png,this meme is considered offensive because it trivializes and minimizes the atrocities committed against jewish people by the nazis during world war ii.
81,42056.png,"this meme is offensive because it promotes racism and white supremacy, which are both harmful and unacceptable."
82,41869.png,this meme is considered offensive because it promotes violence towards women and uses derogatory languages.
83,74061.png,this meme is considered offensive because it promotes negative stereotypes about people of germanic descent by bringing context from holocaust.
84,51387.png,this meme is considered offensive because it mocks chinese accent.
85,84620.png,this meme is offensive because it promotes a number of harmful stereotypes and prejudices against muslims.
86,50286.png,this meme is offensive because it promotes rape culture and victim blaming and steretypes about norwegian people.
87,40257.png,this meme is offensive because it promotes hatred and prejudice against lgbt people.
88,93208.png,"this meme is offensive because it makes light of the holocaust, one of the most devastating events in human history."
89,17493.png,"this meme is offensive because it promotes harmful stereotypes about white people, suggesting that they are uneducated, unsophisticated, and ignorant."
90,29675.png,this meme is considered offensive because it makes light of a serious subject and trivializes an important historical event comprising of martin luther king.
91,54962.png,this meme is considered offensive because it makes light of female health issues and suggests that they are trivial inconveniences.
92,79680.png,this meme is considered offensive because it makes light of police brutality and trivializes the work that police officers do.
93,21089.png,this meme is considered offensive because it promotes negative stereotypes about women by comparing them to dishwashers.
94,18274.png,this meme is offensive because it implicitly mocks about homicide.
95,98756.png,this meme is offensive because it promotes transphobia and suggests that people who are concerned about allowing men into women's restrooms are not truly american.
96,20738.png,this meme is offensive because it promotes a number of harmful stereotypes and prejudices and white supremacy.
97,21957.png,"this meme is considered offensive because it promotes racism, sexism, and homophobia."
98,64723.png,this meme is considered offensive because it promotes sexual promiscuity and objectifies women.
99,47136.png,this meme is considered offensive because it promotes greed and materialism.
100,82705.png,this meme is offensive because it promotes harmful stereotypes about women drivers.
101,14259.png,"this meme is offensive because it suggests that donald trump is ""trash"" and not worthy of presidentship."
102,40865.png,this meme is considered offensive because it promotes negative stereotypes about people of north korea suggesting they are only busy with anti-americal sentiment.
103,62485.png,"this meme is considered offensive because it trivializes suicide attack, which is a sensitive topic."
104,31960.png,"this meme is considered offensive because it promotes negative stereotypes about chinese people, suggesting they prefer eating raw meat."
105,47918.png,this meme is offensive because it promotes racism and suggests that all black people are violent and all white people are peaceful.
106,62710.png,"this meme is considered offensive because it promotes racism, bigotry, and hatred towards people of african descent."
107,45209.png,this meme is considered offensive because it uses derogatory language to target and mock people with disabilties.
108,08395.png,"this meme is offensive because it suggests that all people who practice islam are violent, which is not accurate."
109,69807.png,this meme is considered offensive because it promotes negative stereotypes about people who are african and suggests that they are responsible for their own deaths from aids.
110,50894.png,"this meme is considered offensive because it trivializes and minimizes the tremendous impact that martin luther king, jr had."
111,83215.png,this meme is considered offensive because it implicitly promotes racism by implying that all black people are thieves and that white people are superior to black people.
112,86329.png,"this meme is offensive because it promotes harmful stereotypes about muslims, suggesting that they are violent and willing to kill innocent people."
113,48930.png,"this meme is offensive because it accuses ilhan omar of telling that usa is not a country where white people can live, which is factually incorrect."
114,93128.png,"this meme is offensive because it suggests that liberals are dumb, conservatives are great, and that liberals are the devil."
115,63784.png,"this meme is considered offensive because it promotes misinformation and stereotypes about muslims, suggesting they plan terrorist attacks."
116,52803.png,"this meme is not necessarily offensive in and of itself, but it could be considered inappropriate or distasteful in certain contexts."
117,12837.png,this meme is offensive because it promotes hatred against european people
118,41958.png,this meme is considered offensive because it promotes negative stereotypes and prejudices against white people.
119,17054.png,this meme is considered offensive because it promotes negative and harmful stereotypes about lesbians.
120,92408.png,his meme is offensive because it suggests that black people do not belong in certain neighborhoods or communities
121,48162.png,this meme is extremely offensive because it makes fun of people who were killed during the holocaust.
122,79854.png,this meme is offensive because it promotes hatred against a community.
123,31426.png,this meme is offensive because it mocks michelle obama for her appearence.
124,81602.png,this meme is considered offensive because it makes light of a serious subject and mocks transgender people.
125,06194.png,this meme is offensive because it promotes burning of books.
126,64193.png,this meme is considered offensive because it uses offensive language to insult someone.
127,34915.png,this meme is considered offensive because it promotes negative stereotypes about women.
128,52904.png,this meme is considered offensive because it has graphic content and undermines the need of consent. 
129,07523.png,this meme is offensive because it makes fun of feminists and suggests that women are responsible for the actions of men.
130,59024.png,this meme is considered offensive because it makes stereotypes of religious people.
131,64051.png,this meme is offensive because it makes fun of black people for their financial issues.
132,70189.png,this meme is considered offensive because it makes light of the holocaust and the suffering of millions of people.
133,32587.png,this meme is considered offensive because it makes fun of a woman.
134,05471.png,this meme is offensive because it makes fun of sexual assault.
135,62831.png,this meme is offensive because it compares muslims to an animal.
136,76423.png,this meme is considered offensive because it mocks the peoples with down syndrome.
137,14679.png,this meme is considered offensive because it promotes racism.
138,41362.png,"this meme is offensive because it promotes a harmful stereotype about muslims, suggesting that they are violent and threatening."
139,67835.png,this meme is considered offensive because it compares women to dishwasher.
140,36725.png,this meme is considered offensive because it promotes racism.
141,30598.png,"this meme is offensive because it promotes a harmful stereotype about muslims, suggesting that they are violent and willing to kill innocent people."
142,13968.png,"this meme is considered offensive because it promotes violence against men, and implies that all men are evil."
143,26184.png,"meme is offensive because it makes light of the holocaust, in which millions of people were systematically murdered."
144,03178.png,this meme is considered offensive because it promotes islamophobia and stereotypes that all muslims are violent.
145,53927.png,"this meme is offensive because it promotes a harmful stereotype about muslims, suggesting that they are violent and untrustworthy."
146,72340.png,this meme is offensive because it suggests that muslims are violent.
147,49726.png,this meme is considered offensive because it calls someone of being zoophilic.
148,80945.png,this meme is offensive because it promotes sexism and misogyny by implicitly suggesting that women are good at cooking only.
149,69528.png,"this meme is considered offensive because it makes fun of women, suggesting that they use sex for financial issues."
150,90861.png,this meme is considered offensive because it promotes pedophilia.
151,27134.png,this meme is offensive because it suggests that american appliances are of poor quality.
152,74356.png,this meme is considered offensive because it calls someone zoophilic based on religious identity.
153,48396.png,this meme is offensive because it promotes racism against indians.
154,95403.png,this meme might not be offensive.
155,29178.png,this meme is considered offensive because it uses racist language.
156,62184.png,this meme is considered offensive because it mocks the victims of atomic bombing.
157,41063.png,"this meme is offensive because it makes light of the holocaust, one of the most horrific events in human history."
158,80316.png,this meme is offensive because it promotes hatred against all muslims due to actions of a few.
159,87140.png,this meme is offensive because it suggests that women can't drive properly
160,09267.png,this meme is offensive because it use offensive terms.
161,32957.png,this meme is offensive because it suggests that muslims engage in zoophilia.
162,35614.png,this meme is considered offensive because it promotes a negative stereotype of muslims.
163,19074.png,this meme is offensive because it promotes hatred against muslim immigrants.
164,60598.png,"this meme is offensive because it makes light of the holocaust, one of the most horrific events in human history."
165,24537.png,this meme is considered offensive because it uses racist and derogatory language.
166,12907.png,this meme is considered offensive because it indicates that black people belong in jail.
167,78069.png,this meme is offensive because it mocks the people with cancer.
168,91340.png,this meme is considered offensive because it mocks people based on their skin color.
169,47386.png,this meme is offensive because it suggests that all muslims are terrorists.
170,36724.png,this meme is considered offensive because it promotes rough language against children.
171,07628.png,this meme is offensive because it suggests that muslims are violent.
172,05941.png,this meme is offensive because it stsreotypes against black people.
173,18273.png,this meme is offensive because it suggests that white people are untrustworthy.
174,49170.png,this meme is considered offensive because it promotes negative and harmful stereotypes about mothers and women.
175,72594.png,this meme is considered offensive because it makes light of and mocks transgender people.
176,61935.png,this meme is considered offensive because it promotes negative and harmful stereotypes about women.
177,56470.png,this meme is considered offensive because it makes light of racism.
178,57134.png,this meme is offensive because it makes light of the institution of slavery and suggesting that people deserved to be slaves.
179,53147.png,this meme is offensive because it promotes stereotypes against immigrants
180,13269.png,"the meme is considered offensive because it makes light of the lynching of emmett till, a 14 year old boy who was lynched in mississippi in 1955."
181,14386.png,this meme is considered offensive because it promotes negative stereotypes about black people.
182,70612.png,this meme is considered offensive because it uses racist language to target a specific group of people.
183,75098.png,this meme is considered offensive because it promotes negative stereotypes about interracial couples.
184,02431.png,this meme is offensive because it makes objectifies women and indicates that their job is cooking.
185,12957.png,this meme is considered offensive because it suggests that non-white people get undue privilages due to their color
186,73168.png,"this meme is offensive because it promotes a harmful stereotype about african americans, suggesting that they are violent and prone to committing crimes."
187,24501.png,this meme is considered offensive because it suggest someone being zoophilic.
188,05643.png,this meme is offensive because it mocks the misery of african kids.
189,30481.png,this meme may not be offensive.
190,19875.png,this meme is offensive because it suggests promotes prejudice against muslims.
191,41832.png,this meme is considered offensive because it promotes negative stereotypes about older generations and women.
192,28601.png,this meme is considered offensive because it mocks black people.
193,84910.png,this meme is offensive because it promotes racism against african americans.
194,19502.png,this meme may not be offensive
195,01469.png,this meme is offensive because it suggests that muslims are violent.
196,50748.png,this meme is considered offensive because it promotes transphobia and suggests that it is inappropriate for children to dress in costumes that correspond with their gender identity.
197,50679.png,this meme is considered offensive because it compares black child to pets.
198,10465.png,this meme is considered offensive because it promotes violence and it mocks american independence by showing atomic explosion.
199,28614.png,this meme is considered offensive because it promotes violence.
200,52640.png,"this meme is considered offensive because it makes light of obesity, which is a common and serious medical condition."
201,57013.png,this meme is considered offensive because it promotes negative stereotypes about people who are black.
202,98723.png,this meme is offensive because it promotes racism and stereotypes black people as violent and irrational.
203,71042.png,this meme is considered offensive because it promotes negative and harmful stereotypes about people who are lgbtq.
204,36875.png,this meme is not necessarily offensive because it makes light of autism.
205,24861.png,this meme is considered offensive because it is showing extramarital affair and making joke out of it.
206,94532.png,"this meme is offensive because it makes light of the holocaust, one of the most horrific events in human history."
207,60487.png,"this meme is offensive because it promotes a harmful stereotype about muslims, suggesting that they are violent and threatening."
208,92364.png,this meme is considered offensive because it promotes anti-semitic stereotypes.
209,83547.png,"this meme is offensive because it promotes harmful stereotypes about white people, suggesting that they are racist and that they owned people as pets."
210,07561.png,this meme is offensive because it is stereotypic about jews and shows anti-semtic sentiment.
211,76104.png,this meme is offensive because it suggests that refugees are dangerous and pose a threat to american society.
212,45601.png,"this meme is offensive because it suggests that all obama voters are baboons, which is hateful portrayal and also not accurate."
213,02891.png,"this meme is offensive because it is showing negative stereotype about muslim woman, where is also portrays implicitly that they are violent."
214,87693.png,"this meme is considered offensive because it promotes negative and harmful stereotypes about muslims women, suggesting their abnormal sexual favors."
215,03794.png,this meme is offensive because it suggests is a negative portrayal of lgbtq people.
216,91042.png,"this meme is offensive because it makes light of the holocaust, one of the most horrific events in human history."
217,92160.png,"this meme is offensive because it makes light of the holocaust, one of the most horrific events in human history."
218,31508.png,this meme is offensive because it promotes islamophobia and suggests negative stereotypes about lgbtq people.
219,65824.png,this meme is considered offensive because it makes light of a serious subject and trivializes the experience of people with disabilities.
220,46138.png,this meme is considered offensive because it promotes body shaming with sexual connotations.
221,51629.png,this meme is offensive because it makes joke of a serious and violent crime and it implicitly shows bias towards muslims that they are sexually pervert.
222,27965.png,this meme is offensive because it shows implicit bias towards woman.
223,43025.png,this meme is considered offensive because it promotes racism and stereotypes black people as criminals.
224,19258.png,this meme is considered offensive because it promotes negative body image and bias towards crippled people.
225,47123.png,"this meme is not necessarily considered offensive on its own, but it could be seen as promoting a stereotype about people who are black if it is interpreted in a certain way."
226,46501.png,this meme is offensive because it promotes a number of harmful stereotypes and prejudices about muslims also suggesting they are responsible for attack of 9/11.
227,42163.png,this meme is considered offensive because it promotes negative stereotypes about farmers and ranchers and promotes implicit racism.
228,04813.png,this meme is offensive because it promotes white supremacy through the use of a skin disease called vitiligo.
229,95387.png,"this meme is considered offensive because it promotes hatred and violence against people who are lesbian, gay, bisexual, or transgender (lgbt)."
230,08146.png,"this meme is offensive because it suggests that gamers hate women and minorities, which is not true."
231,15478.png,this meme is considered offensive because it uses anne frank's picture in a party setting to make joke of the holocaust.
232,43216.png,"this meme is offensive because it promotes harmful stereotypes about india, suggesting that it is dangerous and unstable."
233,82697.png,this meme is considered offensive because it promotes homophobia and misogyny.
234,43610.png,"this meme is considered offensive because it promotes racism, specifically against latina women."
235,61725.png,"this meme is offensive because it promotes harmful stereotypes about transgender people, suggesting that they are somehow less female than cisgender women."
236,75234.png,"this meme is offensive because it promotes harmful stereotypes about muslims, suggesting that they are violent and intolerant."
237,14083.png,this meme is offensive because it promotes negative stereotypes about south african immigrants.
238,30961.png,"this meme is considered offensive because it mocks stevie wonder with the word 'i see', because stevie wonder is blind."
239,86205.png,"this meme is offensive because it suggests that transgender people are a joke, which is not accurate."
240,76381.png,this meme is offensive because it promotes a number of harmful stereotypes and prejudices about obama and muslims.
241,28964.png,this meme is offensive because it promotes negative stereotypes about people with intellectual disabilities.
242,57093.png,"this meme is considered offensive because it promotes negative stereotypes about woman, calling them dishwasher."
243,60249.png,this meme is considered offensive because it promotes a negative and offensive stereotype about jewish people.
244,15349.png,"this meme is offensive because it promotes a harmful stereotype about muslims, suggesting that they are stupid and incompetent."
245,56421.png,this meme is considered offensive because it promotes transphobia and mocks people who are transgender using the image of leonardo di caprio.
246,35684.png,"this meme is offensive because it promotes harmful stereotypes about muslim women, suggesting that they are child brides."
247,70845.png,"this meme is considered offensive because it promotes racism, specifically by implying that black people are stupid or inferior."
248,37450.png,this meme is considered offensive because it promotes negative stereotypes about women by mocking a picture of helen keller.
249,73059.png,"this meme is offensive because it suggests that islamophobia is a real or rational fear, and that people who express concerns about islam or muslims are rational."
250,40718.png,"this meme is offensive because it promotes harmful stereotypes about muslims, suggesting that they are violent and sexual."
251,97128.png,this meme is offensive because it promotes negative and harmful stereotypes about people who are black.
252,03874.png,this meme is offensive because it is about distributing illicit drugs.
253,63924.png,this meme is offensive because it promotes a number of harmful stereotypes and prejudices about amercan soldiers.
254,36190.png,"this meme is offensive because it suggests that all immigrants are like illegal aliens, which is not accurate and it is racist."
255,37965.png,"this meme is offensive because it promotes a harmful stereotype about muslims, suggesting that they are associated with terrorism and violence."
256,98643.png,"this meme is offensive because it promotes harmful stereotypes about black people, suggesting that they are responsible for the majority of welfare recipients and incarcerations, when this is inaccurate."
257,64157.png,this meme is considered offensive because it promotes gun violence and depicts children as violent.
258,92718.png,this meme is offensive because it promotes ableism and suggests that people with disabilities are undesirable.
259,06179.png,"this meme is offensive because it depicts muslim men as sexually perverts, which is not accurate."
260,35729.png,this meme is considered offensive because it promotes homophobia and transphobia.
261,95764.png,"this meme is considered offensive because it compares homosexuality to phobias, which are considered irrational fears."
262,46075.png,"this meme is considered offensive because it promotes negative stereotypes about women, suggesting they are not very apt at work except cooking."
263,71863.png,this meme is considered offensive because it promotes islamophobia by implying that all muslims are sexually pervert.
264,65981.png,this meme is offensive because it promotes racism and hatred against black people.
265,19834.png,this meme is offensive because it promotes racism and stereotypes against black people.
266,48125.png,"this meme is considered offensive because it promotes negative stereotypes about people who are blind, specifically by mocking stevie wonde5."
267,54931.png,"this meme is offensive because it promotes harmful stereotypes about black people, suggesting that they are responsible for poverty and hardship in south africa."
268,90618.png,"this meme is offensive because it promotes harmful stereotypes about muslims, suggesting that they are associated with terrorism and violence."
269,13506.png,"this meme is offensive because it promotes negative stereotypes about black people and their names, suggesting their names cannot even be pronounced."
270,67021.png,"this meme is offensive because it promotes harmful stereotypes about muslims, suggesting that they are unclean or disgusting and pervert."
271,93016.png,"this meme is considered offensive because it promotes harmful stereotypes about middle eastern culture and people, also suggesting muslims drink camel urine."
272,69085.png,this meme is considered offensive because it promotes misogyny and sexism.
273,61905.png,"this meme is offensive because it promotes a number of harmful stereotypes and prejudices against muslims, suggesting they are sexually pervert terrorists."
274,67129.png,this meme is considered offensive because it promotes negative stereotypes about people who are black and suggests that they are unintelligent or uneducated.
275,24835.png,"this meme is offensive because it promotes harmful stereotypes about minorities in india, suggesting that they are violent and untrustworthy towards hindus."
276,41573.png,"this meme is not necessarily considered offensive on its own, but it could be seen as promoting a stereotype about people who are muslim if it is interpreted in a certain way."
277,09138.png,this meme is offensive because it suggests that muslims caused 9/11 and also it is suggestive that muslims are opportunists.
278,48725.png,this meme is considered offensive because it promotes holocaust denial and trivializes the suffering of millions of people who were killed during the holocaust.
279,39528.png,"this meme is considered offensive because it promotes negative stereotypes about people who are woman, comparing them with dishwasher."
280,27163.png,this meme is considered offensive because it promotes homophobia and transphobia.
281,19836.png,this meme is considered offensive because it promotes racism by implying that white people are incapable of telling jokes without offending black people.
282,17932.png,"this meme is offensive because it promotes harmful stereotypes about muslims, suggesting that they are violent, sexual, and perverse."
283,92641.png,"this meme is offensive because it suggests that liberals, mexicans and muslims are not worthy of human designation, which is extremely racist."
284,47189.png,this meme is considered offensive because it promotes negative stereotypes about women.
285,03128.png,"this meme is offensive because it mocks poor black children, which is racist."
286,21973.png,this meme is considered offensive because it promotes homophobia and stereotypes gay men as dishonest and manipulative.
287,58631.png,this meme is considered offensive because it promotes negative stereotypes about people who are transgender.
288,36481.png,this meme is considered offensive because it promotes racist stereotypes.
289,48976.png,this meme is considered offensive because it promotes a negative stereotype about jewish people and trivializes holocaust.
290,64273.png,"this meme is offensive because it promotes harmful stereotypes about police officers, suggesting that they are racist and more likely to use excessive force against unarmed black youth."
291,67342.png,"this meme is considered offensive because it promotes a negative stereotype about muslims, suggesting they have sex with goat and are pervert."
292,06825.png,"this meme is offensive because it suggests that muslim men force muslim women to wear hijab, which is not true."
293,23046.png,this meme is offensive because it uses anti-semitic imagery to mock or criticize jews.
294,09213.png,this meme is offensive because it suggests that all obama voters are stupid.
295,98243.png,this meme is considered offensive because it promotes negative stereotypes about black people and suggests that black people are lazy and unproductive.
296,85392.png,this meme is considered offensive because it promotes animal cruelty.
297,91345.png,this meme is considered offensive because it promotes negative stereotypes about indian men suggesting they are only interested in marriage bribes.
298,42763.png,this meme is offensive because it promotes negative stereotypes about people with physical disabilities.
299,63985.png,"this meme is offensive because it promotes a harmful stereotype about african americans, suggesting that they are uneducated and incompetent."
300,27603.png,"this meme is offensive because it promotes a harmful stereotype about muslim women, suggesting that they are oppressed and can only find freedom by hiding their identity."
301,70934.png,this meme is considered offensive because it promotes misinformation and stereotypes about transgender people.
302,92405.png,"this meme is offensive because it suggests that ilhan omar is a psychopath, which is not supported by the facts."
303,10829.png,this meme is considered offensive because it promotes racism by comparing immigrants to venomous snakes.
304,90648.png,this meme is considered offensive because it promotes violence against lgbt people in the light of sexual perverse.
305,91862.png,"this meme is offensive because it promotes a harmful stereotype about muslims, suggesting that they are violent and prone to terrorism."
306,63804.png,"this meme is offensive because it promotes a harmful stereotype about muslims, suggesting that they are associated with fire, destruction, and terrorism."
307,17308.png,this meme is offensive because it promotes a number of harmful stereotypes and prejudices against jews.
308,84069.png,this meme is considered offensive because it promotes negative stereotypes about women suggesting they are attributed to 45% or more car accidents by distracting the driver with their blabbering.
309,54389.png,"this meme is considered offensive because it promotes the idea that it is acceptable and even desirable to sterilize or ""fix"" people, specifically women, who are considered ""undesirable"" or ""unfit""."
310,63281.png,"this meme is offensive because it promotes harmful stereotypes about muslims, suggesting that they are violent, uncivilized, and associated with terrorism."
311,30245.png,"this meme is considered offensive because it makes light of a serious issue, mostly mocking disable children."
312,84059.png,"this meme is offensive because it promotes harmful stereotypes about trans women, suggesting that they are somehow less deserving of respect and dignity than cis women."
313,21653.png,"this meme is offensive because it suggests that all white people are racist and stupid and only they follow donald trump, which is not true."
314,43928.png,"this meme is offensive because it promotes harmful stereotypes about jews, suggesting that they are wealthy, powerful, and greedy."
315,26493.png,this meme is offensive because it promotes harmful stereotypes about muslim women and about their dress sense (specifically wearing hijab).
316,15768.png,"this meme is not necessarily considered offensive on its own, but it could be seen as promoting a stereotype about people who are black if it is interpreted in a certain way."
317,24593.png,"this meme is offensive because it promotes harmful stereotypes about jewish people, suggesting that they are greedy and materialisticand also trivializes holocaust."
318,46730.png,"this meme is offensive because it suggests that all obama voters are stupid and ignorant, which is not accurate."
319,41802.png,"this meme is offensive because it promotes a harmful stereotype about muslims, suggesting that they are violent and willing to kill those who do not share their religious beliefs."
320,46295.png,this meme is considered offensive because it promotes negative stereotypes about people who are transgender.
321,79138.png,this meme is considered offensive because it promotes misogyny and victim blaming.
322,12873.png,"this meme is considered offensive because it promotes victim blaming and misogyny, suggesting women are only used for sexual purposes."
323,31059.png,"this meme is considered offensive because it promotes negative and harmful stereotypes about people who are lesbian, gay, bisexual, or transgender (lgbt)."
324,06349.png,"this meme is offensive because it mocks barack and michelle obama, suggesting barrack is muslim and michelle is not a woman."
325,28691.png,the suggestion that jews discovered it wasn't a shower is offensive because it promotes anti-semitic stereotypes and trivializes holocaust.
326,14078.png,this meme is considered offensive because it promotes racism by implying that all white people are racist.
327,06859.png,this meme is offensive because it trivializes the holocaust.
328,89406.png,"this meme is offensive because it promotes harmful stereotypes about white people, suggesting that they are unintelligent, uncultured, and unable to learn."
329,50397.png,"this meme is offensive because it promotes a harmful stereotype about muslims, suggesting that they are all violent terrorists."
330,45203.png,this meme is offensive because it promotes harmful stereotypes about jewish people.
331,13764.png,"this meme is offensive because it trivializes the holocaust, one of the most horrific events in human history."
332,81305.png,this meme is seen as promoting a stereotype about people who are japanese from the ww2 context of pearl harbor attack.
333,31048.png,"this meme is offensive because it promotes a harmful stereotype about christians, suggesting that they are intolerant and hateful."
334,61742.png,this meme is considered offensive because it promotes harmful stereotypes about black people.
335,86479.png,this meme is considered offensive because it simultaneously mocks women and physical disabilities.
336,64197.png,this meme is offensive because it suggests all muslims are like zombies.
337,78450.png,"this meme is offensive because it promotes a harmful stereotype about palestinians, suggesting that they are somehow not real or are not people."
338,76584.png,"this meme is offensive because it promotes harmful stereotypes about muslims, suggesting that they are violent and intolerant."
339,53062.png,"this meme is offensive because it suggests that all muslims are violent, which is not the case."
340,41972.png,"this meme is offensive because it promotes a harmful stereotype about immigrants, suggesting that they are criminals who should be deported."
341,41689.png,this meme is offensive because it promotes violent extremism and terrorism suggesting muslims are violent.
342,30486.png,this meme is considered offensive because it promotes misogyny and sexism by implying that women are not capable of taking care of themselves or their families if the economy collapses.
343,29643.png,this meme is considered offensive because it promotes negative stereotypes about women.
344,16374.png,this meme is considered offensive because it promotes negative stereotypes about chinese people.
345,83175.png,this meme is considered offensive because it promotes homophobia and suggests that men should engage in sexual activity with goats.
346,08741.png,"this meme is offensive because it suggests that men should not show affection for each other, which is not true."
347,86103.png,this meme is offensive because it promotes negative and harmful stereotypes about african americans.
348,62805.png,this meme is considered offensive because it promotes negative stereotypes about people who are muslim and suggests that all muslims are violent or dangerous and amercan are far superior than muslims.
349,31076.png,"this meme could be considered offensive or inappropriate, as it references the nazi party, which was an extremist, authoritarian, and racist political group."
350,67420.png,"this meme is offensive because it promotes negative stereotypes about indigenous australian people, suggesting that they are uncivilized and barbaric."
351,92381.png,this meme is offensive because it promotes a number of harmful stereotypes and prejudices against jewish and trivializes the holocaust.
352,48623.png,"this meme is considered offensive because it promotes negative stereotypes about feminist women, suggesting they are dirty."
353,10835.png,"this meme is offensive because it makes light of a serious subject, and could be considered disrespectful or insensitive to victims of holocaust."
354,86701.png,"this meme is offensive because it promotes harmful stereotypes about muslims, suggesting that they are violent, uncivilized, and untrustworthy."
355,26947.png,"this meme is considered offensive because it promotes racism, xenophobia, and discrimination towards people of african descent."
356,24931.png,"this meme is considered offensive because it suggests british people are incompetent , which is not true."
357,52790.png,this meme is considered offensive because it promotes negative and harmful stereotypes about women and promotes fat shaming.
358,47215.png,this meme is considered offensive because it uses homophobic language and promotes homophobia.
359,03421.png,this meme is offensive because it glorifies gun violence in school.
360,54023.png,this meme is considered offensive because it promotes negative stereotypes about lgbt people.
361,23096.png,this meme is considered offensive because it promotes stereotypes and negative attitudes towards people who are black.
362,20184.png,this meme is considered offensive because it promotes negative and harmful stereotypes about women comparing them with goat.
363,16895.png,this meme is offensive because it promotes sexism and misogyny and stereotype about muslim men.
364,23794.png,"this meme is offensive because it promotes harmful stereotypes about jewish people, making light of the death of six million jews in the holocaust."
365,57236.png,this meme is considered offensive because it promotes hatred against muslims by suggesting they are violent.
366,57840.png,this meme is considered offensive because it promotes transphobia and mocks people who are transgender.
367,59410.png,this meme is considered offensive because it promotes racism by comparing black child with chimpanzee.
368,13806.png,"this meme is not necessarily considered offensive on its own, but it could be seen as promoting a stereotype."
369,26709.png,this meme is considered offensive because it promotes negative stereotypes about people who are black and suggests that they are unintelligent or uneducated.
370,68374.png,this meme is extremely offensive because it promotes racism against black people.
371,57064.png,this meme is considered offensive because it promotes negative stereotypes about transgender people and mental illness.
372,51804.png,this meme is considered offensive because it promotes negative stereotypes about people who are jewish and trivializes holocaust.
373,31409.png,this meme is considered offensive because it promotes hate and violence towards people who are muslim.
374,83650.png,"this meme is offensive because it promotes a number of harmful stereotypes and prejudices against muslims, suggesting they are violent."
375,29084.png,"this meme is offensive because it promotes harmful stereotypes about africans, suggesting that they are violent and warlike."
376,62758.png,"this meme is offensive because it promotes a harmful stereotype about sikhs, suggesting that they are frequently confused with muslims and are associated with the 9/11 attacks."
377,89732.png,this meme is offensive because it promotes a number of harmful stereotypes and prejudices about refugees suggesting they are primary reason behind homelessness of many people in newzealand.
378,27843.png,this meme is considered offensive because it makes light of a serious topic and stereotypes people who are transgender.
379,82510.png,"this meme is offensive because it makes light of the holocaust, one of the most horrific events in human history."
380,97365.png,"this meme is offensive because it promotes harmful stereotypes about men, suggesting that they are potential rapists."
381,89412.png,this meme is considered offensive because it promotes islamophobia and stereotypes all muslims as violent.
382,21053.png,this meme is considered offensive because it makes light of a serious subject (rape and sexual assault) and stereotypes all muslims as violent and sexually pervert.
383,76093.png,this meme is offensive because it promotes islamophobia and suggests that all muslims are violent.
384,04529.png,"this meme is offensive because it mocks muslims by showing a picture of a pig, which is prohibited to be shown in muslim community."
385,34196.png,this meme is considered offensive because it promotes islamophobia by implying that all muslims are violent and that islam encourages sexual attraction towards goat.
386,01649.png,"this meme is offensive because it suggests that all black people are violent and threatening, which is not accurate."
387,59862.png,"this meme is offensive because it promotes a harmful stereotype about muslims, suggesting that they are violent and irrational."
388,94687.png,"this meme is considered offensive because it promotes racism, specifically by implying that all black people look the same and that it is impossible to spell the word ""rape"" without the word ""ape""."
389,42063.png,the suggestion that a nun could be impregnated by having the altar boy shit into her pussy is offensive because it promotes disrespect and disgust towards nuns.
390,74583.png,this meme is offensive because it promotes hateful and harmful stereotypes about jewish people and women.
391,90513.png,this meme is considered offensive because it promotes violence against muslims and suggests muslims as some inferior creatures.
392,42379.png,this meme is offensive because it compares women killing a cockroach to hitler killing 7 million jew thus trivializing holocaust.
393,83427.png,this meme is considered offensive because it promotes stereotypes and negative attitudes towards people who are lgbt. This is using sarcasm to implicitly spread hatred towards lgbt people.
394,43295.png,this meme is considered offensive because it promotes racism about black people.
395,39472.png,this meme is offensive because it promotes islamophobia and suggests that people who are concerned about islamophobia are not truly american.
396,78925.png,"this meme is offensive because it promotes harmful stereotypes about transgender people, suggesting that they are somehow less deserving of rights and respect than cisgender people."
397,5000.png,End of index
398,65178.png,"this meme is offensive because it suggests that the united states is for white people only, which is not accurate."
399,32896.png,"this meme is offensive because it suggests that hunting and killing illegal aliens is acceptable, which is not accurate."
400,18497.png,this meme is considered offensive because it makes light of eating disorders and body dysmorphia.
401,35716.png,this meme is offensive because it suggests that it is unacceptable to be in a relationship with lgbt people.
402,74390.png," this meme is offensive because it promotes a harmful stereotype about jews, suggesting that they are racist and violent."
403,09624.png, this meme is offensive because it  mocks dead people in army uniform in harsh language.
404,07539.png,this meme is offensive because it associates twerking with drunk people and that twerking is associated with rural people in the USA.
405,48925.png,this meme is offensive because it tries to convey god created women to do the dishes and other household works.
406,93572.png," this meme is offensive because it promotes harmful stereotypes about refugees, suggesting that they are dangerous and threatening."
407,02876.png, this meme is offensive because it is disrespectful towards disabled people and possibly towards a chef or a women.
408,21706.png,"this meme is offensive because it promotes harmful stereotypes about muslims, suggesting that they are dirty and disgusting. "
409,06319.png,this meme is offensive because it makes light of the 9/11 incident.
410,58136.png,"this meme is offensive because it suggests that all white people are racist, which is not accurate."
411,83429.png,this meme is considered offensive because it promotes transphobia and implies that being transgender is a mental illness.
412,51726.png,this meme is considered offensive because it promotes negative stereotypes about african people.
413,14087.png,this meme is considered offensive because it promotes negative stereotypes about people who are muslim.
414,82943.png,this meme is considered offensive because it mocks blind people.
415,42897.png,this meme is considered offensive because it violently mocks any person with dark sense of humor.
416,51086.png, this meme is considered offensive because it promotes racism against japanese people.
417,16048.png,this meme is offensive because it promotes harmful stereotypes about immigrants and people of color.
418,49685.png, this meme is considered offensive because it trivializes mental disorders and lgbtq people and suggests that they are something to laugh about. 
419,32540.png,this meme is considered offensive because it makes light of holocaust one of the most horrific events in human history.
420,01235.png,this meme is offensive because it suggests muslim men are pervert and are sexually attracted to goat.
421,52863.png,this meme is considered offensive because it promotes divorce and implies that divorced people are no longer related.
422,78260.png,"this meme is offensive because it promotes a harmful stereotype about muslim women, suggesting that they are oppressed and should be banned."
423,86250.png,this meme is considered offensive because it makes light of and stereotypes transgender people.
424,47096.png,this meme is considered offensive because it promotes anti-semitism.
425,45603.png,"this meme is considered offensive because it suggests that men fight over beer, which is not accurate."
426,52386.png,"this meme is offensive because it promotes negative and harmful stereotypes about black women, that they possess dual characteristics depending on who are they with, white or black men."
427,43217.png,this meme is considered offensive because it promotes negative stereotypes about people who are black and suggests that they were uneducated and stupid.
428,04791.png,this meme is offensive because it suggests muslim men are sexually pervert and all they want is sexual contact.
429,67980.png,"this meme is offensive because it suggests that white people are privileged and do not have to work hard to succeed, which is not accurate."
430,94078.png,"this meme is offensive because it promotes a harmful stereotype about muslims, suggesting that they are violent and threatening."
431,13548.png,this meme is considered offensive because it promotes negative stereotypes about white women.
432,35781.png,"this meme is considered offensive because it promotes steretotype against asian people, suggesting they all look the same."
433,43920.png,this meme is considered offensive because it promotes misinformation about autism and mocks freddie mercury and his band queen.
434,59832.png,this meme is considered offensive because it perpetuates negative stereotypes about african-americans and suggests that they are less intelligent or trustworthy than other people.
435,30692.png,this meme is considered offensive because it promotes a stereotype about people with psychic abilities.
436,81079.png,this meme is considered offensive because it promotes domestic violence and compares woman with domestic appliances.
437,59601.png,"this meme is offensive because it promotes a number of harmful stereotypes and prejudices against muslims, suggesting they are sexually pervert."
438,70592.png,this meme is considered offensive because it promotes negative stereotypes about transgender women.
439,78492.png,this meme is considered offensive because it makes light of police brutality against people of black color.
440,83914.png,"this meme is offensive because it suggests that all obama voters are chimpanzees, which is not accurate."
441,40756.png,"this meme is offensive because it suggests that native americans were wiped out or exterminated, which is not supported by the facts."
442,61932.png,"this meme is offensive because it suggests that feminist literature is only about cooking, and that feminists only care about cooking."
443,08695.png,this meme is offensive because it suggests that all muslim people are incompetent and unreliable and they are less worthy of respect.
444,39051.png,"this meme is offensive because it promotes harmful stereotypes about women, suggesting that they are irrational, overly emotional, and unable to think clearly."
445,81203.png,"this meme is offensive because it promotes harmful stereotypes about nuns, suggesting that they are sexual predators who target muslim men."
446,86031.png,this meme is considered offensive because it promotes negative stereotypes about women suggesting they only wash dishes.
447,82367.png,this meme is offensive because it promotes rape culture and victim blaming.
448,69012.png,"this meme is considered offensive because it promotes violence, specifically gun violence."
449,73091.png,"this meme is highly offensive because it promotes a number of harmful stereotypes and prejudices against muslim people, suggesting they believe in sexual slavery and child bribes."
450,12490.png,"this meme is offensive because it promotes a harmful stereotype about muslims, suggesting that they are violent and willing to kill innocent people."
451,67298.png,"this meme is offensive because it uses picture of michelle obama to suggest that transgender people are deceptive or deceptive about their gender identity, which is not accurate."
452,15043.png,this meme is considered offensive because it promotes a negative and stigmatizing stereotype about people with autism.
453,03472.png,"this meme is offensive because it suggests that black women should not get married, and that they should not raise children and they sale their children, which is not true."
454,29438.png,this meme is offensive because it promotes a number of harmful stereotypes and prejudices about israel suggesting they kill innocent people.
455,79846.png,this meme is offensive because it promotes a number of harmful stereotypes and prejudices against jews suggesting they are responsible for lots of mass murder in its history.
456,20867.png,this meme is offensive because it promotes islamophobia and suggests that all muslims are sexual predators.
457,42105.png,this meme is offensive because it promotes a number of harmful stereotypes and prejudices about muslims suggesting they are violent.
458,65073.png,this meme is offensive because it promotes a number of harmful stereotypes and prejudices against jews and americans.
459,19537.png,this meme is considered offensive because it promotes anti-semitism.
460,21453.png,this meme is considered offensive because it promotes homophobia by implying that gay pride events are dangerous or unpleasant.
461,34897.png,this meme is considered offensive because it makes light of special needs women and suggests that they are sexual objects.
462,26835.png,this meme is offensive because it promotes hatred and prejudice against african americans by comparing them with chimpanzee.
463,49120.png,this meme is considered offensive because it promotes rape culture and victim blaming.
464,67541.png,this meme can be considered offensive but the reason is not clear.
465,67581.png,this meme is considered offensive because it promotes racism by implying that white people are racist and that people of color are racist towards white people.
466,14829.png,this meme is considered offensive because it promotes negative attitudes towards people who are lgbtq+.
467,16297.png,"this meme is offensive because it promotes harmful stereotypes about muslims, suggesting that they are violent and stupid."
468,12034.png,this meme is considered offensive because it makes light of prison violence and inmate abuse and suggests black people are better in prison.
469,71920.png,this meme is considered offensive because it promotes racism by showing a police officer finding a black guy as the criminal.
470,67438.png,this meme is offensive because it promotes racism towards black people.
471,70126.png,this meme is considered offensive because it promotes negative and harmful stereotypes about people who are transgender.
472,39156.png,"this meme is considered offensive because it promotes negative stereotypes about women, suggesting they can only cook and are suitable in kitchen."
473,89423.png,this meme is considered offensive because it uses derogatory language to promote violence or reckless behavior.
474,26438.png,this meme is offensive because it promotes sexism and suggests that girls are inherently worse than boys at sports.
475,47920.png,"this meme is considered offensive because it promotes violence towards children, especially who requires special educations."
476,84521.png,this meme is offensive because it promotes racism against asians.
477,28973.png,this meme is offensive because it trivializes the experience of children who died in the holocaust.
478,68094.png,this meme is offensive because it promotes racism and stereotypes about black people.
479,01546.png,this meme is offensive because it suggests that all jews and muslims are anti-white and should be killed.
480,19268.png,"this meme is offensive because it promotes harmful stereotypes about muslims, suggesting that they are violent and willing to commit acts of terrorism."
481,36248.png,this meme is offensive because it promotes transphobia and suggests that people who are transgender are not truly women.
482,54927.png,this meme is considered offensive because it promotes negative stereotypes about people who are muslim.
483,31586.png,this meme is considered offensive because it promotes theft and burglary during the holiday season.
484,27563.png,"this meme is offensive because it promotes harmful stereotypes about black people, suggesting that they are racist and unwilling to hire white people for jobs."
485,73164.png, this meme is considered offensive because it promotes sexual harassment and objectification of women.
486,19503.png, this meme is considered offensive because it highlights white people make fake promises to exploit black people.
487,83024.png,this meme is offensive because it promotes negative stereotypes about women. 
488,69402.png,"this meme is offensive because it makes light of the holocaust, one of the most horrific events in human history."
489,10453.png,"this meme is offensive because it promotes harmful stereotypes about men, suggesting that they are all pigs and that women are equal to them. "
490,92437.png,this meme is considered offensive because it promotes negative stereotypes about children. 
491,21309.png,this meme is considered offensive because it promotes violence against police officers.
492,36025.png,"this meme is considered offensive because it promotes negative stereotypes about people who are gay, lesbian, bisexual, or transgender (lgbt).   Edited Reference : "
493,16723.png, this meme is considered offensive because it promotes nazi ideology and stereotypes. 
494,21637.png, this meme is considered offensive because it trivializes the holocaust and the suffering of millions of people.
495,70183.png,this meme is considered offensive because it promotes and associates African people with violence. 
496,79406.png, this meme is considered offensive because it promotes negative stereotypes about people who are black and about people who are rape victims. 
497,80537.png,this meme is considered offensive because it promotes incestuous relationships.
498,18045.png,this meme is considered offensive because it makes fun of people with intellectual disabilities.
499,46520.png,"this meme is considered offensive because it promotes racism, xenophobia, and discrimination towards people of asian descent. "
500,92140.png,this meme is offensive because it promotes hatred and prejudice against jews.
501,08934.png,this meme is offensive because it suggests that all white men are killers.
502,59342.png,"this meme is considered offensive because it promotes hate and violence towards people who are lesbian, gay, bisexual, or transgender (lgbt). "
503,03479.png,"this meme is considered offensive because it promotes hate and violence towards black people, referring them as dirt."
504,58196.png,this meme is considered offensive because it makes light of the holocaust and trivializes the experience of people who were killed during the holocaust.
505,21605.png,"this meme is offensive because it promotes harmful stereotypes about muslims, suggesting that they are violent and intolerant of jokes. "
506,58640.png,this meme is considered offensive because it promotes the use of nuclear weapons. 
507,85172.png,this meme is considered offensive because it promotes islamophobia by implying that all muslim women are oppressed and that their fathers sell them as slaves. 
508,38129.png,"this meme is considered offensive because it promotes anti-semitic stereotypes, and makes light of the situation faced by Jews during WW-II."
509,37615.png,this meme is offensive because it trivializes the holocaust and suggests that it is funny. 
510,84926.png,this meme is offensive because it suggests that all us presidents were white people expect mr. barack obama. 
511,35189.png, this meme is considered offensive because it promotes abortion and implies that it is an acceptable way to prevent a child from being born.
512,75402.png, this meme is considered offensive because it promotes anti-semitism and hatred towards jewish people. 
513,10398.png,this meme is offensive because it promotes hatred and prejudice against arabs.
514,40378.png, this meme is considered offensive because it promotes negative and harmful stereotypes about women. 
515,62705.png,this meme is offensive because it promotes a number of harmful stereotypes and prejudices about muslims. 
516,82756.png,"this meme is considered offensive because it promotes violence, hatred, and discrimination towards hindus. "
517,60578.png, this meme is considered offensive because it highlights that muslims are sexually attracted towards goats.
518,54290.png," this meme is offensive because it suggests that older, white, conservative men are gullible and ignorant, and that their opinions are not valid."
519,27810.png," this meme is considered offensive because it promotes racism, specifically by implying that the man in the meme is not racist because he has black tires and a color tv. "
520,17208.png," this meme is not necessarily offensive, but it could be considered inappropriate or distasteful in contexts of WW-II. "
521,79185.png, this meme is considered offensive because it promotes a negative stereotype about mechanics and their work. 
522,56193.png, this meme is offensive because it promotes cultural appropriation.
523,07458.png,this meme is offensive because it can be seen as a harmful remarks towards lgbt people.
524,67385.png,"this meme is offensive because it makes light of the holocaust, one of the most horrific events in human history."
525,52349.png,this meme is considered offensive because it promotes racism by implying that all black people look like baboon.
526,59840.png,this meme is considered offensive because it promotes violence towards children using imagery of sick children.
527,90728.png,"this meme is offensive because it promotes harmful stereotypes about white men, suggesting that they are racist, sexist, and privileged."
528,39427.png,this meme is considered offensive because it promotes racism and stereotypes against white people.
529,80967.png,this meme is offensive because it promotes racism by suggesting that black people are intellectually inferior to white people.
530,64708.png,this meme is considered offensive because it is seen as a stereotype of black people as criminals.
531,20154.png,this meme is offensive because it promotes hatred and prejudice against native americans.
532,12068.png,this meme is offensive because it promotes a number of harmful stereotypes and prejudices against muslims.
533,16357.png,"this meme is considered offensive because it makes light of sexual assault and rape, and uses the derogatory term ""goat fucker"" to refer to muslims."
534,27069.png,"this meme is considered offensive because it promotes negative stereotypes about muslims, implicitly stereotyping all muslims as perverts."
535,53904.png,this meme is considered offensive because it shows that muslims are terrorists and sexually pervert.
536,64839.png,this meme is offensive because it promotes negative stereotypes about african americans by associating them with the ku klux klan.
537,26950.png,this meme is offensive because it promotes negative stereotypes about american patriotism and military service.
538,38145.png,this meme is offensive because it promotes misogyny and suggests that women should be submissive and obedient.
539,85690.png,"this meme is offensive because it makes light of and trivializes holocaust, one of the most horrific events in human history."
540,13675.png,this meme is considered offensive because it promotes negative stereotypes about women.
541,81027.png,"this meme is considered offensive because it promotes negative stereotypes about white people, suggesting they are privileged."
542,27534.png,this meme is offensive because it makes light of nazism.
543,04126.png,this meme is offensive because it makes light of holocaust.
544,29671.png,"this meme is offensive because it promotes a harmful stereotype about people who are black, suggesting that they are somehow inferior to other people."
545,98531.png,"this meme is offensive because it makes light of the holocaust, one of the most horrific events in human history."
546,31058.png,"this meme is considered offensive because it promotes racism and violence against children, which is never acceptable."
547,49327.png,this meme is offensive because it promotes racism and stereotypes against women.
548,35894.png,"this meme is offensive because it promotes a harmful stereotype about black people, suggesting that they are less intelligent or capable than white people."
549,68739.png,"this meme is offensive because it promotes harmful stereotypes about white people, suggesting that they are all the same and interchangeable."
550,20693.png,this meme is considered offensive because it trivializes the horrors of the holocaust.
551,63185.png,this meme is considered offensive because it promotes negative stereotypes about people who are transgender.
552,15209.png,this meme is considered offensive because it promotes violence.
553,60257.png,this meme is offensive because it compares every woman as a coffee maker which is misogynous.
554,72984.png,this meme is considered offensive because it promotes violence against black people.
555,89142.png,"this meme is offensive because it suggests that hillary clinton is a lesbian, which is not supported by the facts."
556,59128.png,"this meme is offensive because it suggests that ilhan omar is not intelligent, implicitly suggested by the phrase 'shit for brains'."
557,14573.png,this meme is considered offensive because it trivializes and glorifies the atomic bombings of hiroshima and nagasaki during world war ii.
558,19653.png,this meme is offensive because it promotes a number of harmful stereotypes and prejudices against christians.
559,72386.png,this meme is considered offensive because it promotes islamophobia by implying that all muslims are violent or sexual predators.
560,98530.png,"this meme is offensive because it promotes a harmful stereotype about muslims, suggesting that they are unwelcome and unwelcomed in western countries."
561,87934.png,this meme is considered offensive because it implies that women are not capable of taking care of themselves or their families if the economy collapses.
562,64901.png,"this meme is considered offensive because it promotes negative stereotypes about michelle obama, comparing her with baboon."
563,61749.png,this meme is considered offensive because it promotes child abuse.
564,59238.png,"this meme is considered offensive because it promotes racism, bigotry, and hatred."
565,38741.png,this meme is offensive because it promotes racism against mexicans.
566,15920.png,this meme is considered offensive because it promotes negative stereotypes about people who are black and suggests that they are unintelligent or uneducated.
567,35408.png,"this meme is offensive because it makes light of the holocaust, one of the most horrific events in human history."
568,02561.png,this meme is offensive because it suggests that people who are american immigrants are dangerous and intimidating.
569,21047.png,this meme is considered offensive because it promotes negative stereotypes about people with disabilities.
570,52681.png,this meme is considered offensive because it promotes negative stereotypes about women.
571,43971.png,this meme is considered offensive because it promotes negative stereotypes about black people.
572,17453.png,"this meme is offensive because it promotes negative stereotypes about muslims, suggesting that they are violent, dangerous, and untrustworthy."
573,48971.png,this meme is considered offensive because it makes light of a serious subject (death) and could be considered offensive to people who have died from drug overdoses.
574,90614.png,"this meme is offensive because it promotes harmful stereotypes about muslims, suggesting that they are violent and willing to kill each other."
575,30487.png,this meme is highly offensive because it promotes a number of harmful stereotypes and prejudices against muslim.
576,97831.png,"this meme is considered offensive because it promotes negative stereotypes about women, materializing them."
577,58247.png,this meme is offensive because it promotes sexual objectification of women.
578,19406.png,this meme is offensive because it suggests that muslims are dangerous and pose a threat to national security.
579,98016.png,"this meme is considered offensive because it makes light of the black lives matter movement, which has been raising awareness about racial injustice and police brutality in the united states."
580,70864.png,this meme is considered offensive because it promotes negative stereotypes about people who are gay or lesbian.
581,83624.png,this meme is offensive because it promotes negative stereotypes about men.
582,53948.png,"this meme is offensive because it promotes a harmful stereotype about jews, suggesting that they are responsible for the 9/11 attacks."
583,42856.png,"this meme is considered offensive because it promotes racism, classism, and sexism."
584,68917.png,this meme is considered offensive because it promotes negative stereotypes about black people.
585,92064.png,this meme is offensive because it promotes a number of harmful stereotypes and prejudices against muslims.
586,86023.png,this meme is offensive because it promotes racism and prejudice against white people.
587,86024.png,"this meme is offensive because it promotes harmful stereotypes about muslims, suggesting that they are violent and willing to commit acts of terrorism."
588,54270.png,this meme is considered offensive because it shows woman are lazy and they negative attitude towards work.
589,89156.png,this meme is considered offensive because it promotes prejudice and discrimination towards people of middle eastern descent.
590,01943.png,this meme is offensive because it mocks blind people.
591,32980.png,"this meme is offensive because it promotes racism against people of mixed race, suggesting they are interbred of gorilla and rhino."
592,72094.png,"this meme is offensive because it makes light of holocaust, a serious and tragic event."
593,41873.png,this meme is offensive because it makes light of and trivializes the experience of native americans.
594,46580.png,this meme is considered offensive because it trivializes sexual harassment and assault.
595,69057.png,"this meme is offensive because it promotes harmful stereotypes about muslims, suggesting that they are violent and willing to blow up things."
596,37451.png,this meme is considered offensive because it promotes islamophobia by implying that all muslims are terrorists and that islam encourages them to blow up planes.
597,5000.png,End of index
